,ZIPCODE,percent_met_standard,district
0,98034,0.7202609363008442,LAKE WASHINGTON
1,98074,0.7202609363008442,LAKE WASHINGTON
2,98034,0.7202609363008442,LAKE WASHINGTON
3,98053,0.7202609363008442,LAKE WASHINGTON
4,98074,0.7202609363008442,LAKE WASHINGTON
5,98074,0.7202609363008442,LAKE WASHINGTON
6,98053,0.7202609363008442,LAKE WASHINGTON
7,98033,0.7202609363008442,LAKE WASHINGTON
8,98034,0.7202609363008442,LAKE WASHINGTON
9,98033,0.7202609363008442,LAKE WASHINGTON
10,98034,0.7202609363008442,LAKE WASHINGTON
11,98053,0.7202609363008442,LAKE WASHINGTON
12,98074,0.7202609363008442,LAKE WASHINGTON
13,98034,0.7202609363008442,LAKE WASHINGTON
14,98052,0.7202609363008442,LAKE WASHINGTON
15,98052,0.7202609363008442,LAKE WASHINGTON
16,98034,0.7202609363008442,LAKE WASHINGTON
17,98028,0.7202609363008442,LAKE WASHINGTON
18,98074,0.7202609363008442,LAKE WASHINGTON
19,98052,0.7202609363008442,LAKE WASHINGTON
20,98074,0.7202609363008442,LAKE WASHINGTON
21,98053,0.7202609363008442,LAKE WASHINGTON
22,98052,0.7202609363008442,LAKE WASHINGTON
23,98033,0.7202609363008442,LAKE WASHINGTON
24,98074,0.7202609363008442,LAKE WASHINGTON
25,98052,0.7202609363008442,LAKE WASHINGTON
26,98052,0.7202609363008442,LAKE WASHINGTON
27,98052,0.7202609363008442,LAKE WASHINGTON
28,98074,0.7202609363008442,LAKE WASHINGTON
29,98033,0.7202609363008442,LAKE WASHINGTON
30,98034,0.7202609363008442,LAKE WASHINGTON
31,98034,0.7202609363008442,LAKE WASHINGTON
32,98033,0.7202609363008442,LAKE WASHINGTON
33,98033,0.7202609363008442,LAKE WASHINGTON
34,98052,0.7202609363008442,LAKE WASHINGTON
35,98034,0.7202609363008442,LAKE WASHINGTON
36,98034,0.7202609363008442,LAKE WASHINGTON
37,98053,0.7202609363008442,LAKE WASHINGTON
38,98033,0.7202609363008442,LAKE WASHINGTON
39,98033,0.7202609363008442,LAKE WASHINGTON
40,98052,0.7202609363008442,LAKE WASHINGTON
41,98033,0.7202609363008442,LAKE WASHINGTON
42,98034,0.7202609363008442,LAKE WASHINGTON
43,98034,0.7202609363008442,LAKE WASHINGTON
44,98034,0.7202609363008442,LAKE WASHINGTON
45,98033,0.7202609363008442,LAKE WASHINGTON
46,98052,0.7202609363008442,LAKE WASHINGTON
47,98052,0.7202609363008442,LAKE WASHINGTON
48,98052,0.7202609363008442,LAKE WASHINGTON
49,98053,0.7202609363008442,LAKE WASHINGTON
50,98033,0.7202609363008442,LAKE WASHINGTON
51,98034,0.7202609363008442,LAKE WASHINGTON
52,98034,0.7202609363008442,LAKE WASHINGTON
53,98033,0.7202609363008442,LAKE WASHINGTON
54,98034,0.7202609363008442,LAKE WASHINGTON
55,98074,0.7202609363008442,LAKE WASHINGTON
56,98033,0.7202609363008442,LAKE WASHINGTON
57,98052,0.7202609363008442,LAKE WASHINGTON
58,98052,0.7202609363008442,LAKE WASHINGTON
59,98033,0.7202609363008442,LAKE WASHINGTON
60,98033,0.7202609363008442,LAKE WASHINGTON
61,98053,0.7202609363008442,LAKE WASHINGTON
62,98053,0.7202609363008442,LAKE WASHINGTON
63,98053,0.7202609363008442,LAKE WASHINGTON
64,98077,0.7202609363008442,LAKE WASHINGTON
65,98033,0.7202609363008442,LAKE WASHINGTON
66,98033,0.7202609363008442,LAKE WASHINGTON
67,98052,0.7202609363008442,LAKE WASHINGTON
68,98053,0.7202609363008442,LAKE WASHINGTON
69,98033,0.7202609363008442,LAKE WASHINGTON
70,98042,0.4057993853912221,KENT
71,98042,0.4057993853912221,KENT
72,98030,0.4057993853912221,KENT
73,98042,0.4057993853912221,KENT
74,98042,0.4057993853912221,KENT
75,98032,0.4057993853912221,KENT
76,98042,0.4057993853912221,KENT
77,98042,0.4057993853912221,KENT
78,98031,0.4057993853912221,KENT
79,98010,0.4057993853912221,KENT
80,98092,0.4057993853912221,KENT
81,98042,0.4057993853912221,KENT
82,98042,0.4057993853912221,KENT
83,98030,0.4057993853912221,KENT
84,98031,0.4057993853912221,KENT
85,98031,0.4057993853912221,KENT
86,98198,0.4057993853912221,KENT
87,98031,0.4057993853912221,KENT
88,98030,0.4057993853912221,KENT
89,98030,0.4057993853912221,KENT
90,98042,0.4057993853912221,KENT
91,98058,0.4057993853912221,KENT
92,98058,0.4057993853912221,KENT
93,98058,0.4057993853912221,KENT
94,98058,0.4057993853912221,KENT
95,98058,0.4057993853912221,KENT
96,98030,0.4057993853912221,KENT
97,98030,0.4057993853912221,KENT
98,98032,0.4057993853912221,KENT
99,98030,0.4057993853912221,KENT
100,98042,0.4057993853912221,KENT
101,98032,0.4057993853912221,KENT
102,98030,0.4057993853912221,KENT
103,98031,0.4057993853912221,KENT
104,98058,0.4057993853912221,KENT
105,98031,0.4057993853912221,KENT
106,98042,0.4057993853912221,KENT
107,98032,0.4057993853912221,KENT
108,98031,0.4057993853912221,KENT
109,98031,0.4057993853912221,KENT
110,98042,0.4057993853912221,KENT
111,98042,0.4057993853912221,KENT
112,98031,0.4057993853912221,KENT
113,98031,0.4057993853912221,KENT
114,98005,0.6785628502802242,BELLEVUE
115,98005,0.6785628502802242,BELLEVUE
116,98004,0.6785628502802242,BELLEVUE
117,98006,0.6785628502802242,BELLEVUE
118,98006,0.6785628502802242,BELLEVUE
119,98039,0.6785628502802242,BELLEVUE
120,98039,0.6785628502802242,BELLEVUE
121,98039,0.6785628502802242,BELLEVUE
122,98004,0.6785628502802242,BELLEVUE
123,98005,0.6785628502802242,BELLEVUE
124,98008,0.6785628502802242,BELLEVUE
125,98004,0.6785628502802242,BELLEVUE
126,98004,0.6785628502802242,BELLEVUE
127,98006,0.6785628502802242,BELLEVUE
128,98004,0.6785628502802242,BELLEVUE
129,98006,0.6785628502802242,BELLEVUE
130,98006,0.6785628502802242,BELLEVUE
131,98007,0.6785628502802242,BELLEVUE
132,98007,0.6785628502802242,BELLEVUE
133,98007,0.6785628502802242,BELLEVUE
134,98007,0.6785628502802242,BELLEVUE
135,98006,0.6785628502802242,BELLEVUE
136,98008,0.6785628502802242,BELLEVUE
137,98007,0.6785628502802242,BELLEVUE
138,98007,0.6785628502802242,BELLEVUE
139,98005,0.6785628502802242,BELLEVUE
140,98004,0.6785628502802242,BELLEVUE
141,98008,0.6785628502802242,BELLEVUE
142,98004,0.6785628502802242,BELLEVUE
143,98008,0.6785628502802242,BELLEVUE
144,98008,0.6785628502802242,BELLEVUE
145,98008,0.6785628502802242,BELLEVUE
146,98008,0.6785628502802242,BELLEVUE
147,98007,0.6785628502802242,BELLEVUE
148,98007,0.6785628502802242,BELLEVUE
149,98007,0.6785628502802242,BELLEVUE
150,98004,0.6785628502802242,BELLEVUE
151,98006,0.6785628502802242,BELLEVUE
152,98008,0.6785628502802242,BELLEVUE
153,98006,0.6785628502802242,BELLEVUE
154,98007,0.6785628502802242,BELLEVUE
155,98005,0.6785628502802242,BELLEVUE
156,98006,0.6785628502802242,BELLEVUE
157,98121,0.6785628502802242,BELLEVUE
158,98007,0.6785628502802242,BELLEVUE
159,98008,0.6785628502802242,BELLEVUE
160,98004,0.6785628502802242,BELLEVUE
161,98008,0.6785628502802242,BELLEVUE
162,98005,0.6785628502802242,BELLEVUE
163,98004,0.6785628502802242,BELLEVUE
164,98103,0.5555795164855477,SEATTLE
165,98121,0.5555795164855477,SEATTLE
166,98116,0.5555795164855477,SEATTLE
167,98115,0.5555795164855477,SEATTLE
168,98108,0.5555795164855477,SEATTLE
169,98118,0.5555795164855477,SEATTLE
170,98118,0.5555795164855477,SEATTLE
171,98115,0.5555795164855477,SEATTLE
172,98112,0.5555795164855477,SEATTLE
173,98126,0.5555795164855477,SEATTLE
174,98126,0.5555795164855477,SEATTLE
175,98199,0.5555795164855477,SEATTLE
176,98118,0.5555795164855477,SEATTLE
177,98122,0.5555795164855477,SEATTLE
178,98103,0.5555795164855477,SEATTLE
179,98102,0.5555795164855477,SEATTLE
180,98103,0.5555795164855477,SEATTLE
181,98105,0.5555795164855477,SEATTLE
182,98103,0.5555795164855477,SEATTLE
183,98118,0.5555795164855477,SEATTLE
184,98103,0.5555795164855477,SEATTLE
185,98103,0.5555795164855477,SEATTLE
186,98108,0.5555795164855477,SEATTLE
187,98105,0.5555795164855477,SEATTLE
188,98122,0.5555795164855477,SEATTLE
189,98112,0.5555795164855477,SEATTLE
190,98102,0.5555795164855477,SEATTLE
191,98125,0.5555795164855477,SEATTLE
192,98108,0.5555795164855477,SEATTLE
193,98112,0.5555795164855477,SEATTLE
194,98126,0.5555795164855477,SEATTLE
195,98115,0.5555795164855477,SEATTLE
196,98115,0.5555795164855477,SEATTLE
197,98115,0.5555795164855477,SEATTLE
198,98103,0.5555795164855477,SEATTLE
199,98115,0.5555795164855477,SEATTLE
200,98104,0.5555795164855477,SEATTLE
201,98144,0.5555795164855477,SEATTLE
202,98103,0.5555795164855477,SEATTLE
203,98115,0.5555795164855477,SEATTLE
204,98115,0.5555795164855477,SEATTLE
205,98118,0.5555795164855477,SEATTLE
206,98118,0.5555795164855477,SEATTLE
207,98144,0.5555795164855477,SEATTLE
208,98112,0.5555795164855477,SEATTLE
209,98122,0.5555795164855477,SEATTLE
210,98134,0.5555795164855477,SEATTLE
211,98102,0.5555795164855477,SEATTLE
212,98117,0.5555795164855477,SEATTLE
213,98116,0.5555795164855477,SEATTLE
214,98133,0.5555795164855477,SEATTLE
215,98134,0.5555795164855477,SEATTLE
216,98146,0.5555795164855477,SEATTLE
217,98103,0.5555795164855477,SEATTLE
218,98122,0.5555795164855477,SEATTLE
219,98122,0.5555795164855477,SEATTLE
220,98117,0.5555795164855477,SEATTLE
221,98101,0.5555795164855477,SEATTLE
222,98117,0.5555795164855477,SEATTLE
223,98126,0.5555795164855477,SEATTLE
224,98115,0.5555795164855477,SEATTLE
225,98118,0.5555795164855477,SEATTLE
226,98115,0.5555795164855477,SEATTLE
227,98122,0.5555795164855477,SEATTLE
228,98125,0.5555795164855477,SEATTLE
229,98125,0.5555795164855477,SEATTLE
230,98117,0.5555795164855477,SEATTLE
231,98117,0.5555795164855477,SEATTLE
232,98106,0.5555795164855477,SEATTLE
233,98144,0.5555795164855477,SEATTLE
234,98115,0.5555795164855477,SEATTLE
235,98109,0.5555795164855477,SEATTLE
236,98134,0.5555795164855477,SEATTLE
237,98116,0.5555795164855477,SEATTLE
238,98108,0.5555795164855477,SEATTLE
239,98115,0.5555795164855477,SEATTLE
240,98107,0.5555795164855477,SEATTLE
241,98115,0.5555795164855477,SEATTLE
242,98103,0.5555795164855477,SEATTLE
243,98126,0.5555795164855477,SEATTLE
244,98103,0.5555795164855477,SEATTLE
245,98195,0.5555795164855477,SEATTLE
246,98118,0.5555795164855477,SEATTLE
247,98122,0.5555795164855477,SEATTLE
248,98195,0.5555795164855477,SEATTLE
249,98195,0.5555795164855477,SEATTLE
250,98109,0.5555795164855477,SEATTLE
251,98118,0.5555795164855477,SEATTLE
252,98146,0.5555795164855477,SEATTLE
253,98103,0.5555795164855477,SEATTLE
254,98106,0.5555795164855477,SEATTLE
255,98119,0.5555795164855477,SEATTLE
256,98112,0.5555795164855477,SEATTLE
257,98108,0.5555795164855477,SEATTLE
258,98112,0.5555795164855477,SEATTLE
259,98126,0.5555795164855477,SEATTLE
260,98116,0.5555795164855477,SEATTLE
261,98199,0.5555795164855477,SEATTLE
262,98125,0.5555795164855477,SEATTLE
263,98105,0.5555795164855477,SEATTLE
264,98109,0.5555795164855477,SEATTLE
265,98116,0.5555795164855477,SEATTLE
266,98118,0.5555795164855477,SEATTLE
267,98133,0.5555795164855477,SEATTLE
268,98122,0.5555795164855477,SEATTLE
269,98112,0.5555795164855477,SEATTLE
270,98199,0.5555795164855477,SEATTLE
271,98108,0.5555795164855477,SEATTLE
272,98106,0.5555795164855477,SEATTLE
273,98125,0.5555795164855477,SEATTLE
274,98119,0.5555795164855477,SEATTLE
275,98106,0.5555795164855477,SEATTLE
276,98102,0.5555795164855477,SEATTLE
277,98125,0.5555795164855477,SEATTLE
278,98124,0.5555795164855477,SEATTLE
279,98115,0.5555795164855477,SEATTLE
280,98199,0.5555795164855477,SEATTLE
281,98118,0.5555795164855477,SEATTLE
282,98125,0.5555795164855477,SEATTLE
283,98125,0.5555795164855477,SEATTLE
284,98122,0.5555795164855477,SEATTLE
285,98125,0.5555795164855477,SEATTLE
286,98125,0.5555795164855477,SEATTLE
287,98103,0.5555795164855477,SEATTLE
288,98122,0.5555795164855477,SEATTLE
289,98109,0.5555795164855477,SEATTLE
290,98116,0.5555795164855477,SEATTLE
291,98118,0.5555795164855477,SEATTLE
292,98122,0.5555795164855477,SEATTLE
293,98144,0.5555795164855477,SEATTLE
294,98144,0.5555795164855477,SEATTLE
295,98144,0.5555795164855477,SEATTLE
296,98105,0.5555795164855477,SEATTLE
297,98117,0.5555795164855477,SEATTLE
298,98144,0.5555795164855477,SEATTLE
299,98118,0.5555795164855477,SEATTLE
300,98115,0.5555795164855477,SEATTLE
301,98133,0.5555795164855477,SEATTLE
302,98125,0.5555795164855477,SEATTLE
303,98117,0.5555795164855477,SEATTLE
304,98122,0.5555795164855477,SEATTLE
305,98122,0.5555795164855477,SEATTLE
306,98144,0.5555795164855477,SEATTLE
307,98109,0.5555795164855477,SEATTLE
308,98103,0.5555795164855477,SEATTLE
309,98115,0.5555795164855477,SEATTLE
310,98136,0.5555795164855477,SEATTLE
311,98121,0.5555795164855477,SEATTLE
312,98178,0.5555795164855477,SEATTLE
313,98119,0.5555795164855477,SEATTLE
314,98118,0.5555795164855477,SEATTLE
315,98121,0.5555795164855477,SEATTLE
316,98105,0.5555795164855477,SEATTLE
317,98115,0.5555795164855477,SEATTLE
318,98122,0.5555795164855477,SEATTLE
319,98105,0.5555795164855477,SEATTLE
320,98144,0.5555795164855477,SEATTLE
321,98112,0.5555795164855477,SEATTLE
322,98125,0.5555795164855477,SEATTLE
323,98117,0.5555795164855477,SEATTLE
324,98116,0.5555795164855477,SEATTLE
325,98116,0.5555795164855477,SEATTLE
326,98112,0.5555795164855477,SEATTLE
327,98144,0.5555795164855477,SEATTLE
328,98102,0.5555795164855477,SEATTLE
329,98108,0.5555795164855477,SEATTLE
330,98108,0.5555795164855477,SEATTLE
331,98106,0.5555795164855477,SEATTLE
332,98107,0.5555795164855477,SEATTLE
333,98106,0.5555795164855477,SEATTLE
334,98107,0.5555795164855477,SEATTLE
335,98144,0.5555795164855477,SEATTLE
336,98115,0.5555795164855477,SEATTLE
337,98119,0.5555795164855477,SEATTLE
338,98115,0.5555795164855477,SEATTLE
339,98119,0.5555795164855477,SEATTLE
340,98109,0.5555795164855477,SEATTLE
341,98103,0.5555795164855477,SEATTLE
342,98116,0.5555795164855477,SEATTLE
343,98144,0.5555795164855477,SEATTLE
344,98115,0.5555795164855477,SEATTLE
345,98107,0.5555795164855477,SEATTLE
346,98133,0.6060012768674186,SHORELINE
347,98155,0.6060012768674186,SHORELINE
348,98155,0.6060012768674186,SHORELINE
349,98133,0.6060012768674186,SHORELINE
350,98133,0.6060012768674186,SHORELINE
351,98155,0.6060012768674186,SHORELINE
352,98133,0.6060012768674186,SHORELINE
353,98155,0.6060012768674186,SHORELINE
354,98155,0.6060012768674186,SHORELINE
355,98133,0.6060012768674186,SHORELINE
356,98155,0.6060012768674186,SHORELINE
357,98133,0.6060012768674186,SHORELINE
358,98133,0.6060012768674186,SHORELINE
359,98155,0.6060012768674186,SHORELINE
360,98155,0.6060012768674186,SHORELINE
361,98133,0.6060012768674186,SHORELINE
362,98155,0.6060012768674186,SHORELINE
363,98133,0.6060012768674186,SHORELINE
364,98155,0.6060012768674186,SHORELINE
365,98177,0.6060012768674186,SHORELINE
366,98133,0.6060012768674186,SHORELINE
367,98177,0.6060012768674186,SHORELINE
368,98155,0.6060012768674186,SHORELINE
369,98155,0.6060012768674186,SHORELINE
370,98023,0.2837603617181612,FEDERAL WAY
371,98003,0.2837603617181612,FEDERAL WAY
372,98032,0.2837603617181612,FEDERAL WAY
373,98003,0.2837603617181612,FEDERAL WAY
374,98023,0.2837603617181612,FEDERAL WAY
375,98003,0.2837603617181612,FEDERAL WAY
376,98003,0.2837603617181612,FEDERAL WAY
377,98023,0.2837603617181612,FEDERAL WAY
378,98003,0.2837603617181612,FEDERAL WAY
379,98032,0.2837603617181612,FEDERAL WAY
380,98023,0.2837603617181612,FEDERAL WAY
381,98023,0.2837603617181612,FEDERAL WAY
382,98198,0.2837603617181612,FEDERAL WAY
383,98001,0.2837603617181612,FEDERAL WAY
384,98003,0.2837603617181612,FEDERAL WAY
385,98003,0.2837603617181612,FEDERAL WAY
386,98003,0.2837603617181612,FEDERAL WAY
387,98001,0.2837603617181612,FEDERAL WAY
388,98003,0.2837603617181612,FEDERAL WAY
389,98023,0.2837603617181612,FEDERAL WAY
390,98001,0.2837603617181612,FEDERAL WAY
391,98023,0.2837603617181612,FEDERAL WAY
392,98003,0.2837603617181612,FEDERAL WAY
393,98003,0.2837603617181612,FEDERAL WAY
394,98001,0.2837603617181612,FEDERAL WAY
395,98003,0.2837603617181612,FEDERAL WAY
396,98003,0.2837603617181612,FEDERAL WAY
397,98001,0.2837603617181612,FEDERAL WAY
398,98001,0.2837603617181612,FEDERAL WAY
399,98001,0.2837603617181612,FEDERAL WAY
400,98023,0.2837603617181612,FEDERAL WAY
401,98003,0.2837603617181612,FEDERAL WAY
402,98023,0.2837603617181612,FEDERAL WAY
403,98023,0.2837603617181612,FEDERAL WAY
404,98003,0.2837603617181612,FEDERAL WAY
405,98023,0.2837603617181612,FEDERAL WAY
406,98003,0.2837603617181612,FEDERAL WAY
407,98001,0.2837603617181612,FEDERAL WAY
408,98003,0.2837603617181612,FEDERAL WAY
409,98003,0.2837603617181612,FEDERAL WAY
410,98003,0.2837603617181612,FEDERAL WAY
411,98023,0.2837603617181612,FEDERAL WAY
412,98032,0.2837603617181612,FEDERAL WAY
413,98011,0.6401565636967929,NORTHSHORE
414,98052,0.6401565636967929,NORTHSHORE
415,98011,0.6401565636967929,NORTHSHORE
416,98028,0.6401565636967929,NORTHSHORE
417,98011,0.6401565636967929,NORTHSHORE
418,98077,0.6401565636967929,NORTHSHORE
419,98028,0.6401565636967929,NORTHSHORE
420,98011,0.6401565636967929,NORTHSHORE
421,98028,0.6401565636967929,NORTHSHORE
422,98072,0.6401565636967929,NORTHSHORE
423,98072,0.6401565636967929,NORTHSHORE
424,98072,0.6401565636967929,NORTHSHORE
425,98072,0.6401565636967929,NORTHSHORE
426,98011,0.6401565636967929,NORTHSHORE
427,98011,0.6401565636967929,NORTHSHORE
428,98011,0.6401565636967929,NORTHSHORE
429,98011,0.6401565636967929,NORTHSHORE
430,98072,0.6401565636967929,NORTHSHORE
431,98072,0.6401565636967929,NORTHSHORE
432,98028,0.6401565636967929,NORTHSHORE
433,98011,0.6401565636967929,NORTHSHORE
434,98028,0.6401565636967929,NORTHSHORE
435,98077,0.6401565636967929,NORTHSHORE
436,98077,0.6401565636967929,NORTHSHORE
437,98011,0.6401565636967929,NORTHSHORE
438,98072,0.6401565636967929,NORTHSHORE
439,98011,0.6401565636967929,NORTHSHORE
440,98011,0.6401565636967929,NORTHSHORE
441,98011,0.6401565636967929,NORTHSHORE
442,98072,0.6401565636967929,NORTHSHORE
443,98011,0.6401565636967929,NORTHSHORE
444,98146,0.2736525872119092,HIGHLINE
445,98188,0.2736525872119092,HIGHLINE
446,98146,0.2736525872119092,HIGHLINE
447,98198,0.2736525872119092,HIGHLINE
448,98148,0.2736525872119092,HIGHLINE
449,98188,0.2736525872119092,HIGHLINE
450,98166,0.2736525872119092,HIGHLINE
451,98148,0.2736525872119092,HIGHLINE
452,98166,0.2736525872119092,HIGHLINE
453,98198,0.2736525872119092,HIGHLINE
454,98146,0.2736525872119092,HIGHLINE
455,98146,0.2736525872119092,HIGHLINE
456,98168,0.2736525872119092,HIGHLINE
457,98146,0.2736525872119092,HIGHLINE
458,98146,0.2736525872119092,HIGHLINE
459,98146,0.2736525872119092,HIGHLINE
460,98168,0.2736525872119092,HIGHLINE
461,98168,0.2736525872119092,HIGHLINE
462,98166,0.2736525872119092,HIGHLINE
463,98148,0.2736525872119092,HIGHLINE
464,98148,0.2736525872119092,HIGHLINE
465,98188,0.2736525872119092,HIGHLINE
466,98188,0.2736525872119092,HIGHLINE
467,98148,0.2736525872119092,HIGHLINE
468,98166,0.2736525872119092,HIGHLINE
469,98198,0.2736525872119092,HIGHLINE
470,98198,0.2736525872119092,HIGHLINE
471,98148,0.2736525872119092,HIGHLINE
472,98168,0.2736525872119092,HIGHLINE
473,98148,0.2736525872119092,HIGHLINE
474,98146,0.2736525872119092,HIGHLINE
475,98166,0.2736525872119092,HIGHLINE
476,98166,0.2736525872119092,HIGHLINE
477,98198,0.2736525872119092,HIGHLINE
478,98198,0.2736525872119092,HIGHLINE
479,98198,0.2736525872119092,HIGHLINE
480,98168,0.2736525872119092,HIGHLINE
481,98148,0.2736525872119092,HIGHLINE
482,98198,0.2736525872119092,HIGHLINE
483,98168,0.2736525872119092,HIGHLINE
484,98146,0.2736525872119092,HIGHLINE
485,98188,0.2736525872119092,HIGHLINE
486,98198,0.2736525872119092,HIGHLINE
487,98108,0.2736525872119092,HIGHLINE
488,98056,0.368620581468312,RENTON
489,98059,0.368620581468312,RENTON
490,98056,0.368620581468312,RENTON
491,98178,0.368620581468312,RENTON
492,98059,0.368620581468312,RENTON
493,98178,0.368620581468312,RENTON
494,98055,0.368620581468312,RENTON
495,98059,0.368620581468312,RENTON
496,98057,0.368620581468312,RENTON
497,98057,0.368620581468312,RENTON
498,98057,0.368620581468312,RENTON
499,98057,0.368620581468312,RENTON
500,98055,0.368620581468312,RENTON
501,98178,0.368620581468312,RENTON
502,98178,0.368620581468312,RENTON
503,98057,0.368620581468312,RENTON
504,98059,0.368620581468312,RENTON
505,98056,0.368620581468312,RENTON
506,98058,0.368620581468312,RENTON
507,98058,0.368620581468312,RENTON
508,98056,0.368620581468312,RENTON
509,98058,0.368620581468312,RENTON
510,98055,0.368620581468312,RENTON
511,98178,0.368620581468312,RENTON
512,98057,0.368620581468312,RENTON
513,98056,0.368620581468312,RENTON
514,98057,0.368620581468312,RENTON
515,98056,0.368620581468312,RENTON
516,98058,0.368620581468312,RENTON
517,98058,0.368620581468312,RENTON
518,98058,0.368620581468312,RENTON
519,98178,0.368620581468312,RENTON
520,98040,0.7879348630643968,MERCER ISLAND
521,98040,0.7879348630643968,MERCER ISLAND
522,98040,0.7879348630643968,MERCER ISLAND
523,98040,0.7879348630643968,MERCER ISLAND
524,98040,0.7879348630643968,MERCER ISLAND
525,98040,0.7879348630643968,MERCER ISLAND
526,98040,0.7879348630643968,MERCER ISLAND
527,98040,0.7879348630643968,MERCER ISLAND
528,98040,0.7879348630643968,MERCER ISLAND
529,98040,0.7879348630643968,MERCER ISLAND
530,98040,0.7879348630643968,MERCER ISLAND
531,98040,0.7879348630643968,MERCER ISLAND
532,98092,0.3663089235324051,AUBURN
533,98002,0.3663089235324051,AUBURN
534,98002,0.3663089235324051,AUBURN
535,98092,0.3663089235324051,AUBURN
536,98002,0.3663089235324051,AUBURN
537,98092,0.3663089235324051,AUBURN
538,98002,0.3663089235324051,AUBURN
539,98092,0.3663089235324051,AUBURN
540,98092,0.3663089235324051,AUBURN
541,98001,0.3663089235324051,AUBURN
542,98002,0.3663089235324051,AUBURN
543,98002,0.3663089235324051,AUBURN
544,98002,0.3663089235324051,AUBURN
545,98092,0.3663089235324051,AUBURN
546,98002,0.3663089235324051,AUBURN
547,98002,0.3663089235324051,AUBURN
548,98092,0.3663089235324051,AUBURN
549,98002,0.3663089235324051,AUBURN
550,98047,0.3663089235324051,AUBURN
551,98002,0.3663089235324051,AUBURN
552,98092,0.3663089235324051,AUBURN
553,98092,0.3663089235324051,AUBURN
554,98092,0.3663089235324051,AUBURN
555,98002,0.3663089235324051,AUBURN
556,98092,0.3663089235324051,AUBURN
557,98092,0.3663089235324051,AUBURN
558,98002,0.3663089235324051,AUBURN
559,98092,0.3663089235324051,AUBURN
560,98092,0.3663089235324051,AUBURN
561,98092,0.3663089235324051,AUBURN
562,98001,0.3663089235324051,AUBURN
563,98001,0.3663089235324051,AUBURN
564,98002,0.3663089235324051,AUBURN
565,98002,0.3663089235324051,AUBURN
566,98002,0.3663089235324051,AUBURN
567,98092,0.3663089235324051,AUBURN
568,98019,0.6048548548548549,RIVERVIEW
569,98014,0.6048548548548549,RIVERVIEW
570,98014,0.6048548548548549,RIVERVIEW
571,98014,0.6048548548548549,RIVERVIEW
572,98019,0.6048548548548549,RIVERVIEW
573,98014,0.6048548548548549,RIVERVIEW
574,98019,0.6048548548548549,RIVERVIEW
575,98014,0.6048548548548549,RIVERVIEW
576,98027,0.7087494928810154,ISSAQUAH
577,98006,0.7087494928810154,ISSAQUAH
578,98006,0.7087494928810154,ISSAQUAH
579,98027,0.7087494928810154,ISSAQUAH
580,98059,0.7087494928810154,ISSAQUAH
581,98029,0.7087494928810154,ISSAQUAH
582,98029,0.7087494928810154,ISSAQUAH
583,98027,0.7087494928810154,ISSAQUAH
584,98029,0.7087494928810154,ISSAQUAH
585,98075,0.7087494928810154,ISSAQUAH
586,98059,0.7087494928810154,ISSAQUAH
587,98075,0.7087494928810154,ISSAQUAH
588,98027,0.7087494928810154,ISSAQUAH
589,98027,0.7087494928810154,ISSAQUAH
590,98059,0.7087494928810154,ISSAQUAH
591,98027,0.7087494928810154,ISSAQUAH
592,98075,0.7087494928810154,ISSAQUAH
593,98059,0.7087494928810154,ISSAQUAH
594,98029,0.7087494928810154,ISSAQUAH
595,98029,0.7087494928810154,ISSAQUAH
596,98059,0.7087494928810154,ISSAQUAH
597,98008,0.7087494928810154,ISSAQUAH
598,98075,0.7087494928810154,ISSAQUAH
599,98027,0.7087494928810154,ISSAQUAH
600,98027,0.7087494928810154,ISSAQUAH
601,98075,0.7087494928810154,ISSAQUAH
602,98059,0.7087494928810154,ISSAQUAH
603,98065,0.7087494928810154,ISSAQUAH
604,98008,0.7087494928810154,ISSAQUAH
605,98075,0.7087494928810154,ISSAQUAH
606,98075,0.7087494928810154,ISSAQUAH
607,98006,0.7087494928810154,ISSAQUAH
608,98022,0.4876269621421976,ENUMCLAW
609,98022,0.4876269621421976,ENUMCLAW
610,98022,0.4876269621421976,ENUMCLAW
611,98022,0.4876269621421976,ENUMCLAW
612,98010,0.4876269621421976,ENUMCLAW
613,98022,0.4876269621421976,ENUMCLAW
614,98022,0.4876269621421976,ENUMCLAW
615,98022,0.4876269621421976,ENUMCLAW
616,98022,0.4876269621421976,ENUMCLAW
617,98022,0.4876269621421976,ENUMCLAW
618,98042,0.6336146884789419,TAHOMA
619,98038,0.6336146884789419,TAHOMA
620,98038,0.6336146884789419,TAHOMA
621,98038,0.6336146884789419,TAHOMA
622,98038,0.6336146884789419,TAHOMA
623,98038,0.6336146884789419,TAHOMA
624,98038,0.6336146884789419,TAHOMA
625,98038,0.6336146884789419,TAHOMA
626,98051,0.6336146884789419,TAHOMA
627,98038,0.6336146884789419,TAHOMA
628,98038,0.6336146884789419,TAHOMA
629,98045,0.6905430206196697,SNOQUALMIE VALLEY
630,98045,0.6905430206196697,SNOQUALMIE VALLEY
631,98065,0.6905430206196697,SNOQUALMIE VALLEY
632,98065,0.6905430206196697,SNOQUALMIE VALLEY
633,98065,0.6905430206196697,SNOQUALMIE VALLEY
634,98045,0.6905430206196697,SNOQUALMIE VALLEY
635,98024,0.6905430206196697,SNOQUALMIE VALLEY
636,98065,0.6905430206196697,SNOQUALMIE VALLEY
637,98065,0.6905430206196697,SNOQUALMIE VALLEY
638,98024,0.6905430206196697,SNOQUALMIE VALLEY
639,98065,0.6905430206196697,SNOQUALMIE VALLEY
640,98045,0.6905430206196697,SNOQUALMIE VALLEY
641,98065,0.6905430206196697,SNOQUALMIE VALLEY
642,98168,0.2380298871607197,TUKWILA
643,98168,0.2380298871607197,TUKWILA
644,98168,0.2380298871607197,TUKWILA
645,98168,0.2380298871607197,TUKWILA
646,98188,0.2380298871607197,TUKWILA
647,98168,0.2380298871607197,TUKWILA
648,98070,0.5898027158595952,VASHON ISLAND
649,98070,0.5898027158595952,VASHON ISLAND
650,98070,0.5898027158595952,VASHON ISLAND
651,98070,0.5898027158595952,VASHON ISLAND
652,98070,0.5898027158595952,VASHON ISLAND
653,98288,0.4761904761904761,SKYKOMISH
